{"type":"Topology","arcs":[[[10023,205],[-61,33],[26,76],[66,-36],[-31,-73]],[[9190,2535],[131,-66],[-13,-83],[-52,-73],[-94,43],[-83,119],[111,60]],[[8780,2681],[72,-17],[24,-53],[2,-149],[-25,-66],[-81,33],[-44,56],[-33,163],[85,33]],[[13097,3309],[98,-46],[-17,-185],[-110,99],[-32,76],[61,56]],[[3938,3121],[-80,-27],[8,202],[83,43],[-11,-218]],[[7091,3657],[-127,53],[2,69],[87,17],[75,-56],[-37,-83]],[[5948,4081],[36,-4],[101,-96],[-116,-66],[-57,152],[36,14]],[[5716,4428],[73,-63],[-45,-99],[-110,96],[-8,73],[90,-7]],[[6351,7019],[-109,-36],[-16,56],[93,56],[32,-76]],[[7010,7205],[-193,-106],[-201,-146],[-104,-99],[75,251],[150,37],[41,36],[232,27]],[[4787,8518],[157,-23],[-17,-99],[-79,3],[-61,119]],[[3056,9448],[161,20],[189,-202],[-413,166],[-141,13],[-80,40],[15,76],[269,-113]],[[6512,11245],[-27,20],[80,265],[53,-30],[-56,-195],[-50,-60]],[[6278,11484],[-90,165],[29,63],[61,-228]],[[4381,13178],[155,-3],[-32,-76],[-205,16],[-11,70],[93,-7]],[[5379,14995],[-172,-165],[-64,36],[88,93],[67,36],[81,0]],[[5149,15316],[-194,-93],[1,70],[159,69],[34,-46]],[[4741,16239],[6,133],[73,92],[49,20],[40,-119],[-144,-73],[-24,-53]],[[5434,16471],[-51,20],[25,126],[194,36],[-48,-86],[-120,-96]],[[5883,17520],[-62,40],[98,93],[24,-53],[-60,-80]],[[4695,17679],[-45,109],[77,123],[5,-189],[-37,-43]],[[4471,18017],[7,129],[61,-50],[-68,-79]],[[4092,18169],[-73,99],[22,33],[100,-23],[-49,-109]],[[4612,18890],[-68,-116],[-78,7],[20,109],[126,0]],[[4333,19522],[-113,-79],[-23,50],[125,76],[11,-47]],[[4573,19800],[-1,-53],[-145,-49],[49,109],[97,-7]],[[4393,20479],[1,-73],[-150,-116],[11,126],[46,43],[92,20]],[[4704,20922],[44,-33],[187,-3],[-12,-40],[-203,-43],[-168,-96],[-24,23],[77,133],[99,59]],[[5589,21227],[-41,-100],[-73,34],[41,69],[73,-3]],[[286,21673],[-59,-49],[-44,83],[40,53],[78,0],[-15,-87]],[[4924,22425],[48,-27],[-41,-119],[-68,-43],[-47,43],[14,119],[94,27]],[[5378,22594],[-80,-100],[-85,-43],[-10,119],[111,70],[64,-46]],[[3077,23884],[-54,63],[16,103],[117,-7],[-11,-73],[-68,-86]],[[2475,24156],[-11,122],[70,-13],[-59,-109]],[[2259,32403],[-47,-146],[-64,89],[111,57]]],"transform":{"scale":[0.000035055559549823694,0.000025863100899375355],"translate":[106.38414868889824,-6.040158774107964]},"objects":{"kepulauan-seribu":{"type":"GeometryCollection","geometries":[{"arcs":[[[0]],[[1]],[[2]],[[3]],[[4]],[[5]],[[6]],[[7]],[[8]],[[9]],[[10]],[[11]],[[12]],[[13]],[[14]],[[15]],[[16]],[[17]],[[18]],[[19]],[[20]],[[21]],[[22]],[[23]],[[24]],[[25]],[[26]],[[27]],[[28]],[[29]],[[30]],[[31]],[[32]],[[33]],[[34]]],"type":"MultiPolygon","properties":{"provinsi":"Jakarta","kabkot":"Kepulauan Seribu"},"id":"31-01"}]}}}